Merchant,Address,lon,lat
Henry's Wrecker Service,"8321 Beechcraft Avenue, Gaithersburg, MD 20879",-77.169829435875,39.167950088781
Authorized Towing,"8011 Beechcraft Avenue, Gaithersburg, MD 20879",-77.16376838374,39.164402180848
Prestige Autow,"13 Fedor Avenue, Gaithersburg, MD 20877",-77.177748250066,39.120542478123
Speedy Towing,"15101 Southlawn Lane, Rockville, MD 20850",-77.133395924877,39.104344476742
Big Tow,"375 Derwood Circle, Rockville, MD 20850",-77.152902935128,39.105768671141
"Auburn Towing, Inc.","375 Derwood Circle, Rockville, MD 20850",-77.152902935128,39.105768671141
"Millers's Towing & Recovery, LLC","18625 Mooney Drive, Gaithersburg, MD 20879",-77.165309428477,39.1625786911
Drive Towing,"14608 Old Gunpowder Rd, Laurel, MD 20707",-76.915644786956,39.088537803649
"Ricky's Towing & Recovery, LLC ","15814 Paramount Drive, Derwood, MD 20855",-77.162634170461,39.115961624728
Diversified Recovery,"12527 Parklawn Drive, Rockville, MD 20852",-77.117447177077,39.061616842557
